Name,Email,Assigned Task,Completed task,Completion percentage,Payment (RM80 for full package)
Muhammad Airul Hafiq Bin Muhamad Aini @ Ahmad,hafiqairul02@gmail.com,24,3,13%,10
Nur Muhammad Mursyid Bin Mohamad Tajulddin Shah,nurmursyid96@gmail.com,24,24,100%,80
Nur Syafiqah Bee binti Ayub Khan,nursyafiqahbee@gmail.com,24,24,100%,80
SITI NUR LIYANA BINTI ISHAK,snliyana00@gmail.com,24,17,71%,56.66666667
Fatin Amira binti Ismail Ali,fatinamira453@gmail.com,24,24,100%,80
MOHD ARIF AFIFI BIN MUHAMMAD FARID ,afifiarif7@gmail.com,24,24,100%,80
Muhammad Hafizullah bin Kamarudin,hafizullah.kamarudin98@gmail.com,24,24,100%,80
Raja Afiq Bin Raja Fakran,rajaafiqfakran@gmail.com,24,17,71%,56.66666667
Total,,,157,,
