Annotators,Major,Minor,No Error,FAIL,PASS,Grand Total,Passing score,Tier,Payment Rate,Total Eligible Amount
ainaruhana,40,14,66,47,73,120,60.83%,Tier 3,0.4,48
angziyang,13,2,252,14,253,267,94.76%,Tier 1,1,267
chewweijian,16,6,118,19,121,140,86.43%,Tier 2,0.8,112
fazilah,15,18,94,24,103,127,81.10%,Tier 2,0.8,101.6
horsherlyn,17,15,63,24.5,70.5,95,74.21%,Tier 3,0.4,38
huaien,9,1,30,9.5,30.5,40,76.25%,Tier 3,0.4,16
huairen,9,5,66,11.5,68.5,80,85.63%,Tier 2,0.8,64
leejieyeng,10,1,29,10.5,29.5,40,73.75%,Tier 3,0.4,16
munirah,6,5,82,8.5,84.5,93,90.86%,Tier 1,1,93
ooiruizhe,36,36,668,54,686,740,92.70%,Tier 1,1,740
Grand Total,229,53,1366,227.5,1519.5,1742,,,,1495.6
